"用户ID","归因员工","邀请码","绑定时间","首次充值时间","充值笔数","累计充值","最近充值时间"
"	240339043","zlc","MOON22","	2026/5/30 21:31:30","	-","0","0.00","	-"
"	240316281","zlc","MOON22","	2026/5/30 20:23:59","	-","0","0.00","	-"
"	240310666","zlc","MOON22","	2026/5/30 20:06:20","	-","0","0.00","	-"
"	240306602","zlc","MOON22","	2026/5/30 19:53:37","	-","0","0.00","	-"
"	240301586","zlc","MOON22","	2026/5/30 19:37:40","	2026/5/30 19:42:29","2","7.06","	2026/5/30 19:43:46"
"	240297194","zlc","MOON22","	2026/5/30 19:23:19","	-","0","0.00","	-"
"	240296951","zlc","MOON22","	2026/5/30 19:22:28","	-","0","0.00","	-"
"	240296359","zlc","MOON22","	2026/5/30 19:20:33","	2026/5/30 19:32:22","1","3.33","	2026/5/30 19:32:22"
"	240288989","zlc","MOON22","	2026/5/30 18:57:27","	2026/5/30 19:12:13","5","40.58","	2026/5/30 20:28:56"
"	240285346","zlc","MOON22","	2026/5/30 18:45:49","	-","0","0.00","	-"
"	240282211","zlc","MOON22","	2026/5/30 18:35:26","	2026/5/30 18:40:17","1","3.35","	2026/5/30 18:40:17"
"	240273890","zlc","MOON22","	2026/5/30 18:09:25","	2026/5/30 18:31:39","1","1.04","	2026/5/30 18:31:39"
"	240272032","zlc","MOON22","	2026/5/30 18:03:33","	2026/5/30 18:11:15","1","5.99","	2026/5/30 18:11:15"
"	240269757","zlc","MOON22","	2026/5/30 17:55:51","	2026/5/30 18:01:01","2","5.06","	2026/5/30 18:04:14"
"	240266988","zlc","MOON22","	2026/5/30 17:47:06","	-","0","0.00","	-"
"	240264300","zlc","MOON22","	2026/5/30 17:38:31","	2026/5/30 17:59:08","1","3.39","	2026/5/30 17:59:08"
"	240246276","zlc","MOON22","	2026/5/30 16:44:33","	-","0","0.00","	-"
"	240246279","zlc","MOON22","	2026/5/30 16:44:24","	-","0","0.00","	-"
"	240242762","zlc","MOON22","	2026/5/30 16:34:27","	-","0","0.00","	-"
"	240238647","zlc","MOON22","	2026/5/30 16:22:52","	-","0","0.00","	-"
"	240225773","zlc","MOON22","	2026/5/30 15:47:17","	-","0","0.00","	-"
"	240213365","zlc","MOON22","	2026/5/30 15:16:27","	-","0","0.00","	-"
"	240181631","zlc","MOON22","	2026/5/30 14:05:15","	2026/5/30 14:16:19","9","8.86","	2026/5/30 14:20:32"
"	240180721","zlc","MOON22","	2026/5/30 14:03:16","	2026/5/30 14:13:45","1","3.39","	2026/5/30 14:13:45"
"	239864592","zlc","MOON22","	2026/5/30 02:59:28","	2026/5/30 03:14:45","7","53.15","	2026/5/30 19:23:46"
"	239857377","zlc","MOON22","	2026/5/30 02:39:10","	2026/5/30 05:49:11","1","19.99","	2026/5/30 05:49:11"
"	239855342","zlc","MOON22","	2026/5/30 02:33:29","	-","0","0.00","	-"
"	239840320","zlc","MOON22","	2026/5/30 01:51:08","	2026/5/30 01:55:49","1","3.53","	2026/5/30 01:55:49"
"	239839949","zlc","MOON22","	2026/5/30 01:50:12","	2026/5/30 01:57:58","3","10.92","	2026/5/30 02:13:05"
"	239838714","zlc","MOON22","	2026/5/30 01:46:48","	2026/5/30 01:50:30","2","7.06","	2026/5/30 01:50:37"
"	239829200","zlc","MOON22","	2026/5/30 01:18:58","	2026/5/30 01:39:34","1","1.01","	2026/5/30 01:39:34"
"	239810264","zlc","MOON22","	2026/5/30 00:25:17","	2026/5/30 00:32:31","1","0.81","	2026/5/30 00:32:31"
"	239800700","zlc","MOON22","	2026/5/29 23:57:47","	2026/5/30 00:05:42","2","1.98","	2026/5/30 00:10:05"
"	239793526","zlc","MOON22","	2026/5/29 23:37:58","	-","0","0.00","	-"
"	239780689","zlc","MOON22","	2026/5/29 23:00:37","	-","0","0.00","	-"
"	239763217","zlc","MOON22","	2026/5/29 22:12:08","	-","0","0.00","	-"
"	239757990","zlc","MOON22","	2026/5/29 21:58:12","	2026/5/29 22:03:54","1","2.99","	2026/5/29 22:03:54"
"	239749715","zlc","MOON22","	2026/5/29 21:35:59","	2026/5/30 02:15:47","1","2.99","	2026/5/30 02:15:47"
"	239693329","zlc","MOON22","	2026/5/29 18:58:05","	-","0","0.00","	-"
"	239675621","zlc","MOON22","	2026/5/29 18:07:26","	-","0","0.00","	-"
"	239660890","zlc","MOON22","	2026/5/29 17:25:54","	-","0","0.00","	-"
"	239637763","zlc","MOON22","	2026/5/29 16:23:09","	-","0","0.00","	-"
"	239635260","zlc","MOON22","	2026/5/29 16:16:36","	2026/5/29 16:22:40","2","18.18","	2026/5/29 16:22:50"
"	239171142","zlc","MOON22","	2026/5/28 22:34:40","	-","0","0.00","	-"
"	239169953","zlc","MOON22","	2026/5/28 22:31:39","	2026/5/28 22:37:43","7","9.06","	2026/5/29 02:08:07"
"	239167818","zlc","MOON22","	2026/5/28 22:25:58","	-","0","0.00","	-"
"	239153343","zlc","MOON22","	2026/5/28 21:44:30","	2026/5/28 21:50:08","2","69.98","	2026/5/30 19:17:23"
"	239119090","zlc","MOON22","	2026/5/28 20:11:02","	-","0","0.00","	-"
"	239116867","zlc","MOON22","	2026/5/28 20:05:11","	2026/5/28 20:09:30","2","1.98","	2026/5/28 20:10:51"
"	239110904","zlc","MOON22","	2026/5/28 19:47:58","	-","0","0.00","	-"
"	239106739","zlc","MOON22","	2026/5/28 19:36:12","	-","0","0.00","	-"
"	239106157","zlc","MOON22","	2026/5/28 19:34:26","	-","0","0.00","	-"
"	239105996","zlc","MOON22","	2026/5/28 19:33:58","	2026/5/28 19:36:36","1","2.60","	2026/5/28 19:36:36"
"	239105405","zlc","MOON22","	2026/5/28 19:32:24","	2026/5/28 19:48:01","1","0.78","	2026/5/28 19:48:01"
"	239093974","zlc","MOON22","	2026/5/28 18:59:26","	2026/5/28 19:06:17","1","3.40","	2026/5/28 19:06:17"
"	239092508","zlc","MOON22","	2026/5/28 18:54:57","	2026/5/28 19:01:44","2","6.26","	2026/5/28 19:16:55"
"	239080891","zlc","MOON22","	2026/5/28 18:21:29","	2026/5/28 18:36:14","4","11.74","	2026/5/30 18:10:07"
"	239066755","zlc","MOON22","	2026/5/28 17:40:28","	2026/5/28 17:52:08","1","3.40","	2026/5/28 17:52:08"
"	239065186","zlc","MOON22","	2026/5/28 17:35:58","	2026/5/29 18:01:02","1","1.00","	2026/5/29 18:01:02"
"	239060010","zlc","MOON22","	2026/5/28 17:21:03","	-","0","0.00","	-"
"	239051888","zlc","MOON22","	2026/5/28 16:58:06","	-","0","0.00","	-"
"	239044318","zlc","MOON22","	2026/5/28 16:37:10","	2026/5/28 17:18:32","2","5.54","	2026/5/28 17:19:08"
"	239009317","zlc","MOON22","	2026/5/28 15:07:39","	2026/5/29 16:35:08","3","2.92","	2026/5/30 12:29:08"
"	238625608","zlc","MOON22","	2026/5/28 00:27:33","	2026/5/28 00:59:25","9","76.91","	2026/5/29 18:43:03"
"	238625599","zlc","MOON22","	2026/5/28 00:27:25","	2026/5/28 00:33:55","2","39.98","	2026/5/28 01:44:39"
"	238593655","zlc","MOON22","	2026/5/27 22:58:37","	2026/5/27 23:06:11","6","102.94","	2026/5/28 18:11:00"
"	238586053","zlc","MOON22","	2026/5/27 22:38:03","	-","0","0.00","	-"
"	238575185","zlc","MOON22","	2026/5/27 22:08:27","	-","0","0.00","	-"
"	238559817","zlc","MOON22","	2026/5/27 21:26:42","	2026/5/27 21:34:51","2","2.28","	2026/5/27 21:36:32"
"	238551048","zlc","MOON22","	2026/5/27 21:03:19","	2026/5/27 21:06:12","2","5.72","	2026/5/27 21:07:54"
"	238535882","zlc","MOON22","	2026/5/27 20:22:06","	2026/5/29 05:35:01","2","2.10","	2026/5/29 05:35:12"
"	238534519","zlc","MOON22","	2026/5/27 20:18:23","	-","0","0.00","	-"
"	238528882","zlc","MOON22","	2026/5/27 20:02:23","	-","0","0.00","	-"
"	238525495","zlc","MOON22","	2026/5/27 19:53:08","	2026/5/27 19:59:43","2","12.18","	2026/5/27 20:03:04"
"	238515241","zlc","MOON22","	2026/5/27 19:22:00","	2026/5/27 19:29:52","1","0.79","	2026/5/27 19:29:52"
"	238512223","zlc","MOON22","	2026/5/27 19:12:27","	2026/5/27 19:14:49","1","2.73","	2026/5/27 19:14:49"
"	238510872","zlc","MOON22","	2026/5/27 19:07:56","	2026/5/27 19:20:36","2","3.14","	2026/5/27 19:58:15"
"	238508749","zlc","MOON22","	2026/5/27 19:00:56","	-","0","0.00","	-"
"	238507140","zlc","MOON22","	2026/5/27 18:55:52","	-","0","0.00","	-"
"	238501536","zlc","MOON22","	2026/5/27 18:37:18","	-","0","0.00","	-"
"	238495212","zlc","MOON22","	2026/5/27 18:15:55","	2026/5/27 18:19:41","3","26.70","	2026/5/30 18:16:55"
"	238484535","zlc","MOON22","	2026/5/27 17:41:53","	2026/5/27 17:45:25","2","1.78","	2026/5/27 17:46:42"
"	238483056","zlc","MOON22","	2026/5/27 17:36:56","	2026/5/27 17:48:39","4","14.78","	2026/5/27 17:55:10"
"	238476379","zlc","MOON22","	2026/5/27 17:22:50","	2026/5/27 20:27:15","15","80.77","	2026/5/28 07:15:56"
"	238052080","zlc","MOON22","	2026/5/27 03:37:55","	2026/5/27 04:00:06","1","2.53","	2026/5/27 04:00:06"
"	238051436","zlc","MOON22","	2026/5/27 03:36:04","	2026/5/27 03:50:02","1","3.40","	2026/5/27 03:50:02"
"	238049448","zlc","MOON22","	2026/5/27 03:29:39","	-","0","0.00","	-"
"	238040768","zlc","MOON22","	2026/5/27 03:00:01","	2026/5/29 17:20:43","1","3.99","	2026/5/29 17:20:43"
"	238037886","zlc","MOON22","	2026/5/27 02:50:37","	-","0","0.00","	-"
"	238030599","zlc","MOON22","	2026/5/27 02:27:48","	-","0","0.00","	-"
"	237998568","zlc","MOON22","	2026/5/27 00:44:00","	2026/5/27 00:47:56","4","13.38","	2026/5/27 00:55:03"
"	237982337","zlc","MOON22","	2026/5/26 23:52:14","	2026/5/26 23:59:20","1","5.99","	2026/5/26 23:59:20"
"	237978314","zlc","MOON22","	2026/5/26 23:39:35","	2026/5/27 00:42:50","4","32.96","	2026/5/27 00:53:15"
"	237977508","zlc","MOON22","	2026/5/26 23:37:17","	2026/5/26 23:44:54","2","5.59","	2026/5/26 23:45:59"
"	237972669","zlc","MOON22","	2026/5/26 23:22:10","	2026/5/26 23:49:12","2","11.72","	2026/5/26 23:59:39"
"	237964746","zlc","MOON22","	2026/5/26 22:58:08","	2026/5/26 23:06:42","1","3.53","	2026/5/26 23:06:42"
"	237964305","zlc","MOON22","	2026/5/26 22:56:50","	2026/5/26 23:03:07","4","11.10","	2026/5/29 20:25:30"
"	237951677","zlc","MOON22","	2026/5/26 22:17:16","	2026/5/26 22:23:58","1","0.99","	2026/5/26 22:23:58"
"	237951213","zlc","MOON22","	2026/5/26 22:15:52","	2026/5/26 22:29:05","1","8.00","	2026/5/26 22:29:05"
"	237939651","zlc","MOON22","	2026/5/26 21:39:44","	-","0","0.00","	-"
"	237938009","zlc","MOON22","	2026/5/26 21:34:51","	2026/5/26 21:45:13","5","40.21","	2026/5/27 00:05:19"
"	237930763","zlc","MOON22","	2026/5/26 21:11:49","	-","0","0.00","	-"
"	237907234","zlc","MOON22","	2026/5/26 19:55:47","	2026/5/26 20:01:37","2","5.72","	2026/5/26 20:03:23"
"	237898748","zlc","MOON22","	2026/5/26 19:28:35","	-","0","0.00","	-"
"	237888835","zlc","MOON22","	2026/5/26 18:55:39","	2026/5/26 19:05:56","2","6.14","	2026/5/26 19:06:45"
"	237881333","zlc","MOON22","	2026/5/26 18:30:01","	2026/5/26 18:35:03","1","4.19","	2026/5/26 18:35:03"
"	237874455","zlc","MOON22","	2026/5/26 18:06:06","	2026/5/26 18:19:23","1","2.53","	2026/5/26 18:19:23"
"	237869492","zlc","MOON22","	2026/5/26 17:49:10","	2026/5/26 18:02:22","1","2.62","	2026/5/26 18:02:22"
"	237857057","zlc","MOON22","	2026/5/26 17:05:51","	-","0","0.00","	-"
"	237856840","zlc","MOON22","	2026/5/26 17:05:00","	2026/5/26 17:12:20","1","1.13","	2026/5/26 17:12:20"
"	237855272","zlc","MOON22","	2026/5/26 16:59:35","	2026/5/26 18:09:39","1","0.85","	2026/5/26 18:09:39"
"	237851249","zlc","MOON22","	2026/5/26 16:45:52","	2026/5/26 16:51:40","4","13.58","	2026/5/26 16:56:03"
"	237850700","zlc","MOON22","	2026/5/26 16:43:55","	2026/5/26 16:51:02","3","15.56","	2026/5/26 17:56:52"
"	237849829","zlc","MOON22","	2026/5/26 16:41:02","	-","0","0.00","	-"
"	237842066","zlc","MOON22","	2026/5/26 16:18:57","	-","0","0.00","	-"
"	237439709","zlc","MOON22","	2026/5/26 00:22:58","	2026/5/27 00:16:02","4","14.32","	2026/5/27 03:26:03"
"	237432253","zlc","MOON22","	2026/5/26 00:00:58","	-","0","0.00","	-"
"	237421933","zlc","MOON22","	2026/5/25 23:29:38","	2026/5/26 00:01:01","1","2.99","	2026/5/26 00:01:01"
"	237415520","zlc","MOON22","	2026/5/25 23:10:03","	2026/5/25 23:42:18","3","7.00","	2026/5/27 22:33:52"
"	237399642","zlc","MOON22","	2026/5/25 22:20:59","	-","0","0.00","	-"
"	237397413","zlc","MOON22","	2026/5/25 22:14:07","	-","0","0.00","	-"
"	237391483","zlc","MOON22","	2026/5/25 21:55:38","	2026/5/25 22:01:29","22","54.31","	2026/5/30 16:43:22"
"	237382556","zlc","MOON22","	2026/5/25 21:28:08","	2026/5/25 21:56:51","38","511.35","	2026/5/29 00:34:58"
"	237375904","zlc","MOON22","	2026/5/25 21:06:30","	-","0","0.00","	-"
"	237349597","zlc","MOON22","	2026/5/25 19:35:11","	2026/5/25 19:42:59","1","3.41","	2026/5/25 19:42:59"
"	237345458","zlc","MOON22","	2026/5/25 19:20:24","	-","0","0.00","	-"
"	237331998","zlc","MOON22","	2026/5/25 18:31:19","	2026/5/25 18:40:10","4","10.27","	2026/5/25 18:45:29"
"	237330921","zlc","MOON22","	2026/5/25 18:27:41","	2026/5/25 18:41:02","1","3.99","	2026/5/25 18:41:02"
"	237322870","zlc","MOON22","	2026/5/25 17:58:23","	2026/5/25 18:11:50","11","74.89","	2026/5/27 14:19:44"
"	237302935","zlc","MOON22","	2026/5/25 16:46:37","	2026/5/25 17:09:36","2","10.56","	2026/5/26 07:44:24"
"	237301874","zlc","MOON22","	2026/5/25 16:42:57","	2026/5/25 16:49:21","2","5.18","	2026/5/25 16:56:29"
"	237295496","zlc","MOON22","	2026/5/25 16:20:37","	-","0","0.00","	-"
"	236067445","zlc","MOON22","	2026/5/23 08:45:20","	-","0","0.00","	-"
"	236067362","zlc","MOON22","	2026/5/23 08:45:01","	-","0","0.00","	-"
"	236065621","zlc","MOON22","	2026/5/23 08:41:54","	-","0","0.00","	-"
"	236023898","zlc","MOON22","	2026/5/23 07:05:35","	-","0","0.00","	-"
"	236012350","zlc","MOON22","	2026/5/23 06:33:45","	-","0","0.00","	-"
"	236001981","zlc","MOON22","	2026/5/23 06:03:22","	-","0","0.00","	-"
"	235984295","zlc","MOON22","	2026/5/23 05:09:05","	-","0","0.00","	-"
"	235982423","zlc","MOON22","	2026/5/23 05:02:39","	-","0","0.00","	-"
"	235980642","zlc","MOON22","	2026/5/23 04:56:46","	-","0","0.00","	-"
"	235980156","zlc","MOON22","	2026/5/23 04:55:09","	-","0","0.00","	-"
"	235978878","zlc","MOON22","	2026/5/23 04:51:08","	-","0","0.00","	-"
"	235977829","zlc","MOON22","	2026/5/23 04:47:38","	2026/5/26 09:03:38","1","0.90","	2026/5/26 09:03:38"
"	235948088","zlc","MOON22","	2026/5/23 03:12:34","	-","0","0.00","	-"
"	235940530","zlc","MOON22","	2026/5/23 02:48:54","	-","0","0.00","	-"
"	235938592","zlc","MOON22","	2026/5/23 02:42:26","	2026/5/30 01:02:35","1","3.41","	2026/5/30 01:02:35"
"	235922180","zlc","MOON22","	2026/5/23 01:50:12","	-","0","0.00","	-"
"	235907370","zlc","MOON22","	2026/5/23 01:03:01","	-","0","0.00","	-"
"	235906977","zlc","MOON22","	2026/5/23 01:01:55","	-","0","0.00","	-"
"	235896348","zlc","MOON22","	2026/5/23 00:27:43","	-","0","0.00","	-"
"	235544775","zlc","MOON22","	2026/5/22 09:00:32","	-","0","0.00","	-"
"	235525983","zlc","MOON22","	2026/5/22 08:22:34","	-","0","0.00","	-"
"	235524772","zlc","MOON22","	2026/5/22 08:20:08","	-","0","0.00","	-"
"	235506149","zlc","MOON22","	2026/5/22 07:38:30","	-","0","0.00","	-"
"	235493034","zlc","MOON22","	2026/5/22 07:05:16","	-","0","0.00","	-"
"	235485356","zlc","MOON22","	2026/5/22 06:44:34","	-","0","0.00","	-"
"	235482145","zlc","MOON22","	2026/5/22 06:35:50","	-","0","0.00","	-"
"	235474800","zlc","MOON22","	2026/5/22 06:14:17","	-","0","0.00","	-"
"	235464747","zlc","MOON22","	2026/5/22 05:42:47","	-","0","0.00","	-"
"	235458237","zlc","MOON22","	2026/5/22 05:21:17","	-","0","0.00","	-"
"	235457628","zlc","MOON22","	2026/5/22 05:19:17","	-","0","0.00","	-"
"	235434415","zlc","MOON22","	2026/5/22 04:01:12","	-","0","0.00","	-"
"	235430228","zlc","MOON22","	2026/5/22 03:46:54","	-","0","0.00","	-"
"	235419009","zlc","MOON22","	2026/5/22 03:09:51","	2026/5/29 00:20:28","3","14.67","	2026/5/29 00:21:16"
"	235413018","zlc","MOON22","	2026/5/22 02:50:04","	-","0","0.00","	-"
"	235405668","zlc","MOON22","	2026/5/22 02:26:27","	2026/5/25 07:14:37","2","5.59","	2026/5/25 07:14:47"
"	235400018","zlc","MOON22","	2026/5/22 02:07:41","	-","0","0.00","	-"
"	235399672","zlc","MOON22","	2026/5/22 02:06:36","	-","0","0.00","	-"
"	235393379","zlc","MOON22","	2026/5/22 01:46:23","	2026/5/25 07:46:18","5","12.08","	2026/5/27 13:36:57"
"	235391956","zlc","MOON22","	2026/5/22 01:41:41","	-","0","0.00","	-"
"	235379409","zlc","MOON22","	2026/5/22 01:02:04","	-","0","0.00","	-"
"	235374292","zlc","MOON22","	2026/5/22 00:44:49","	-","0","0.00","	-"
"	235137391","zlc","MOON22","	2026/5/21 12:27:31","	-","0","0.00","	-"
"	235014671","zlc","MOON22","	2026/5/21 08:30:22","	-","0","0.00","	-"
"	235007786","zlc","MOON22","	2026/5/21 08:16:09","	-","0","0.00","	-"
"	234981110","zlc","MOON22","	2026/5/21 07:10:01","	-","0","0.00","	-"
"	234963306","zlc","MOON22","	2026/5/21 06:19:55","	-","0","0.00","	-"
"	234951608","zlc","MOON22","	2026/5/21 05:42:59","	-","0","0.00","	-"
"	234947231","zlc","MOON22","	2026/5/21 05:29:26","	-","0","0.00","	-"
"	234939675","zlc","MOON22","	2026/5/21 05:06:00","	-","0","0.00","	-"
"	234939145","zlc","MOON22","	2026/5/21 05:04:02","	-","0","0.00","	-"
"	234930367","zlc","MOON22","	2026/5/21 04:35:48","	-","0","0.00","	-"
"	234917854","zlc","MOON22","	2026/5/21 03:54:51","	-","0","0.00","	-"
"	234916118","zlc","MOON22","	2026/5/21 03:49:25","	-","0","0.00","	-"
"	234907166","zlc","MOON22","	2026/5/21 03:20:31","	-","0","0.00","	-"
"	234906822","zlc","MOON22","	2026/5/21 03:19:15","	-","0","0.00","	-"
"	234901144","zlc","MOON22","	2026/5/21 03:00:45","	-","0","0.00","	-"
"	234900567","zlc","MOON22","	2026/5/21 02:59:03","	-","0","0.00","	-"
"	234895645","zlc","MOON22","	2026/5/21 02:43:30","	-","0","0.00","	-"
"	234879743","zlc","MOON22","	2026/5/21 01:53:00","	-","0","0.00","	-"
"	234877989","zlc","MOON22","	2026/5/21 01:47:52","	-","0","0.00","	-"
"	234876255","zlc","MOON22","	2026/5/21 01:41:54","	-","0","0.00","	-"
"	234869193","zlc","MOON22","	2026/5/21 01:18:35","	-","0","0.00","	-"
"	234852756","zlc","MOON22","	2026/5/21 00:24:14","	-","0","0.00","	-"
"	234852042","zlc","MOON22","	2026/5/21 00:21:59","	-","0","0.00","	-"
"	234710283","zlc","MOON22","	2026/5/20 16:32:18","	-","0","0.00","	-"
"	234699418","zlc","MOON22","	2026/5/20 15:55:39","	-","0","0.00","	-"
"	234609750","zlc","MOON22","	2026/5/20 11:59:38","	-","0","0.00","	-"
"	234600195","zlc","MOON22","	2026/5/20 11:40:38","	-","0","0.00","	-"
"	234502373","zlc","MOON22","	2026/5/20 08:25:20","	-","0","0.00","	-"
"	234502033","zlc","MOON22","	2026/5/20 08:24:31","	-","0","0.00","	-"
"	234501316","zlc","MOON22","	2026/5/20 08:23:04","	-","0","0.00","	-"
"	234492685","zlc","MOON22","	2026/5/20 08:03:38","	-","0","0.00","	-"
"	234491492","zlc","MOON22","	2026/5/20 08:00:31","	-","0","0.00","	-"
"	234489706","zlc","MOON22","	2026/5/20 07:55:36","	-","0","0.00","	-"
"	234480652","zlc","MOON22","	2026/5/20 07:30:41","	-","0","0.00","	-"
"	234462118","zlc","MOON22","	2026/5/20 06:37:05","	-","0","0.00","	-"
"	234446485","zlc","MOON22","	2026/5/20 05:45:37","	-","0","0.00","	-"
"	234442157","zlc","MOON22","	2026/5/20 05:31:29","	-","0","0.00","	-"
"	234441981","zlc","MOON22","	2026/5/20 05:30:50","	-","0","0.00","	-"
"	234439524","zlc","MOON22","	2026/5/20 05:22:51","	-","0","0.00","	-"
"	234402948","zlc","MOON22","	2026/5/20 03:10:54","	-","0","0.00","	-"
"	234402382","zlc","MOON22","	2026/5/20 03:09:00","	-","0","0.00","	-"
"	234401853","zlc","MOON22","	2026/5/20 03:06:59","	-","0","0.00","	-"
"	234399511","zlc","MOON22","	2026/5/20 02:58:24","	-","0","0.00","	-"
"	234392575","zlc","MOON22","	2026/5/20 02:34:03","	-","0","0.00","	-"
"	234003809","zlc","MOON22","	2026/5/19 08:20:53","	-","0","0.00","	-"
"	233988698","zlc","MOON22","	2026/5/19 07:42:44","	-","0","0.00","	-"
"	233985713","zlc","MOON22","	2026/5/19 07:34:05","	-","0","0.00","	-"
"	233901259","zlc","MOON22","	2026/5/19 02:53:38","	-","0","0.00","	-"
"	233886089","zlc","MOON22","	2026/5/19 01:59:48","	-","0","0.00","	-"
"	233881827","zlc","MOON22","	2026/5/19 01:45:22","	-","0","0.00","	-"
"	233873390","zlc","MOON22","	2026/5/19 01:17:02","	-","0","0.00","	-"
"	233861461","zlc","MOON22","	2026/5/19 00:34:35","	2026/5/26 04:55:24","9","44.91","	2026/5/29 16:59:20"
"	233860785","zlc","MOON22","	2026/5/19 00:32:36","	-","0","0.00","	-"
"	233860234","zlc","MOON22","	2026/5/19 00:30:19","	-","0","0.00","	-"
"	233615988","zlc","MOON22","	2026/5/18 11:32:17","	-","0","0.00","	-"
"	232638466","zlc","MOON22","	2026/5/16 12:49:02","	-","0","0.00","	-"
"	232627925","zlc","MOON22","	2026/5/16 12:27:48","	-","0","0.00","	-"
"	232624583","zlc","MOON22","	2026/5/16 12:20:59","	-","0","0.00","	-"
"	232582764","zlc","MOON22","	2026/5/16 11:03:50","	-","0","0.00","	-"
"	232581136","zlc","MOON22","	2026/5/16 11:00:52","	-","0","0.00","	-"
"	232576545","zlc","MOON22","	2026/5/16 10:52:55","	-","0","0.00","	-"
"	232556120","zlc","MOON22","	2026/5/16 10:16:43","	-","0","0.00","	-"
"	232550011","zlc","MOON22","	2026/5/16 10:06:24","	-","0","0.00","	-"
"	232525397","zlc","MOON22","	2026/5/16 09:24:09","	-","0","0.00","	-"
"	232516129","zlc","MOON22","	2026/5/16 09:07:43","	-","0","0.00","	-"
"	232503523","zlc","MOON22","	2026/5/16 08:43:57","	-","0","0.00","	-"
"	232485040","zlc","MOON22","	2026/5/16 08:04:36","	-","0","0.00","	-"
"	232469287","zlc","MOON22","	2026/5/16 07:19:51","	-","0","0.00","	-"
"	232464675","zlc","MOON22","	2026/5/16 07:06:07","	-","0","0.00","	-"
"	232448255","zlc","MOON22","	2026/5/16 06:14:52","	-","0","0.00","	-"
"	232442460","zlc","MOON22","	2026/5/16 05:55:17","	-","0","0.00","	-"
"	232439506","zlc","MOON22","	2026/5/16 05:45:08","	-","0","0.00","	-"
"	232397315","zlc","MOON22","	2026/5/16 03:15:59","	-","0","0.00","	-"
"	232390184","zlc","MOON22","	2026/5/16 02:51:16","	-","0","0.00","	-"
"	232380447","zlc","MOON22","	2026/5/16 02:16:07","	-","0","0.00","	-"
"	232373470","zlc","MOON22","	2026/5/16 01:51:59","	-","0","0.00","	-"
"	232370216","zlc","MOON22","	2026/5/16 01:40:41","	-","0","0.00","	-"
"	232369426","zlc","MOON22","	2026/5/16 01:38:04","	-","0","0.00","	-"
"	232358776","zlc","MOON22","	2026/5/16 01:00:37","	-","0","0.00","	-"
"	232351319","zlc","MOON22","	2026/5/16 00:34:39","	-","0","0.00","	-"
"	232349324","zlc","MOON22","	2026/5/16 00:28:13","	-","0","0.00","	-"
"	232349295","zlc","MOON22","	2026/5/16 00:28:01","	-","0","0.00","	-"
"	232337198","zlc","MOON22","	2026/5/15 23:47:06","	-","0","0.00","	-"
"	232308714","zlc","MOON22","	2026/5/15 22:14:00","	-","0","0.00","	-"
"	232289683","zlc","MOON22","	2026/5/15 21:14:55","	-","0","0.00","	-"
"	231953933","zlc","MOON22","	2026/5/15 07:28:19","	-","0","0.00","	-"
"	231934955","zlc","MOON22","	2026/5/15 06:37:07","	-","0","0.00","	-"
"	231934272","zlc","MOON22","	2026/5/15 06:35:17","	-","0","0.00","	-"
"	231932614","zlc","MOON22","	2026/5/15 06:30:30","	2026/5/25 12:57:55","7","47.73","	2026/5/29 20:28:44"
"	231932047","zlc","MOON22","	2026/5/15 06:28:45","	-","0","0.00","	-"
"	231913868","zlc","MOON22","	2026/5/15 05:34:07","	-","0","0.00","	-"
"	231909077","zlc","MOON22","	2026/5/15 05:19:04","	-","0","0.00","	-"
"	231906651","zlc","MOON22","	2026/5/15 05:11:43","	-","0","0.00","	-"
"	231884517","zlc","MOON22","	2026/5/15 04:02:42","	-","0","0.00","	-"
"	231875638","zlc","MOON22","	2026/5/15 03:35:33","	-","0","0.00","	-"
"	231872848","zlc","MOON22","	2026/5/15 03:26:48","	-","0","0.00","	-"
"	231824661","zlc","MOON22","	2026/5/15 00:49:03","	-","0","0.00","	-"
"	231822345","zlc","MOON22","	2026/5/15 00:41:04","	-","0","0.00","	-"
"	231818761","zlc","MOON22","	2026/5/15 00:29:27","	-","0","0.00","	-"
"	231811179","zlc","MOON22","	2026/5/15 00:04:10","	-","0","0.00","	-"
"	231571296","zlc","MOON22","	2026/5/14 12:12:55","	-","0","0.00","	-"
"	231449969","zlc","MOON22","	2026/5/14 08:39:42","	-","0","0.00","	-"
"	231447555","zlc","MOON22","	2026/5/14 08:35:10","	-","0","0.00","	-"
"	231445169","zlc","MOON22","	2026/5/14 08:30:32","	-","0","0.00","	-"
"	231437769","zlc","MOON22","	2026/5/14 08:17:06","	-","0","0.00","	-"
"	231435779","zlc","MOON22","	2026/5/14 08:13:09","	2026/5/27 08:49:31","4","33.99","	2026/5/27 10:10:18"
"	231419404","zlc","MOON22","	2026/5/14 07:34:04","	-","0","0.00","	-"
"	231416154","zlc","MOON22","	2026/5/14 07:25:40","	2026/5/28 03:27:09","6","48.54","	2026/5/30 20:43:21"
"	231401685","zlc","MOON22","	2026/5/14 06:44:12","	-","0","0.00","	-"
"	231399866","zlc","MOON22","	2026/5/14 06:38:57","	-","0","0.00","	-"
"	231396355","zlc","MOON22","	2026/5/14 06:28:22","	-","0","0.00","	-"
"	231382698","zlc","MOON22","	2026/5/14 05:45:59","	-","0","0.00","	-"
"	231379294","zlc","MOON22","	2026/5/14 05:34:56","	-","0","0.00","	-"
"	231365590","zlc","MOON22","	2026/5/14 04:49:28","	-","0","0.00","	-"
"	231352329","zlc","MOON22","	2026/5/14 04:04:52","	-","0","0.00","	-"
"	231351016","zlc","MOON22","	2026/5/14 04:00:18","	-","0","0.00","	-"
"	231335579","zlc","MOON22","	2026/5/14 03:07:18","	-","0","0.00","	-"
"	231334873","zlc","MOON22","	2026/5/14 03:04:42","	-","0","0.00","	-"
"	231323419","zlc","MOON22","	2026/5/14 02:26:20","	-","0","0.00","	-"
"	231323171","zlc","MOON22","	2026/5/14 02:25:38","	-","0","0.00","	-"
"	231302678","zlc","MOON22","	2026/5/14 01:18:47","	-","0","0.00","	-"
"	231189815","zlc","MOON22","	2026/5/13 19:07:30","	-","0","0.00","	-"
"	231136676","zlc","MOON22","	2026/5/13 16:01:07","	-","0","0.00","	-"
"	230900627","zlc","MOON22","	2026/5/13 08:14:04","	-","0","0.00","	-"
"	230899321","zlc","MOON22","	2026/5/13 08:12:05","	-","0","0.00","	-"
"	230874559","zlc","MOON22","	2026/5/13 07:20:15","	-","0","0.00","	-"
"	230873209","zlc","MOON22","	2026/5/13 07:17:06","	-","0","0.00","	-"
"	230868591","zlc","MOON22","	2026/5/13 07:05:55","	2026/5/25 05:51:36","4","19.68","	2026/5/28 23:19:43"
"	230868486","zlc","MOON22","	2026/5/13 07:05:48","	-","0","0.00","	-"
"	230864559","zlc","MOON22","	2026/5/13 06:56:17","	-","0","0.00","	-"
"	230843029","zlc","MOON22","	2026/5/13 06:03:31","	-","0","0.00","	-"
"	230833088","zlc","MOON22","	2026/5/13 05:36:57","	-","0","0.00","	-"
"	230827740","zlc","MOON22","	2026/5/13 05:20:47","	2026/5/29 15:22:27","2","47.70","	2026/5/29 15:24:44"
"	230826422","zlc","MOON22","	2026/5/13 05:17:04","	-","0","0.00","	-"
"	230822957","zlc","MOON22","	2026/5/13 05:06:45","	-","0","0.00","	-"
"	230817038","zlc","MOON22","	2026/5/13 04:49:32","	-","0","0.00","	-"
"	230811784","zlc","MOON22","	2026/5/13 04:33:43","	-","0","0.00","	-"
"	230811636","zlc","MOON22","	2026/5/13 04:33:27","	-","0","0.00","	-"
"	230798647","zlc","MOON22","	2026/5/13 03:54:57","	-","0","0.00","	-"
"	230797557","zlc","MOON22","	2026/5/13 03:51:40","	-","0","0.00","	-"
"	230792080","zlc","MOON22","	2026/5/13 03:35:56","	-","0","0.00","	-"
"	230763389","zlc","MOON22","	2026/5/13 02:07:31","	-","0","0.00","	-"
"	230762124","zlc","MOON22","	2026/5/13 02:03:15","	-","0","0.00","	-"
"	230748809","zlc","MOON22","	2026/5/13 01:22:56","	-","0","0.00","	-"
"	230748012","zlc","MOON22","	2026/5/13 01:20:26","	-","0","0.00","	-"
"	230739347","zlc","MOON22","	2026/5/13 00:54:16","	-","0","0.00","	-"
"	230732275","zlc","MOON22","	2026/5/13 00:33:50","	-","0","0.00","	-"
"	230732002","zlc","MOON22","	2026/5/13 00:33:07","	-","0","0.00","	-"
"	230349357","zlc","MOON22","	2026/5/12 08:51:51","	-","0","0.00","	-"
"	230330880","zlc","MOON22","	2026/5/12 08:18:46","	-","0","0.00","	-"
"	230316422","zlc","MOON22","	2026/5/12 07:50:19","	-","0","0.00","	-"
"	230298192","zlc","MOON22","	2026/5/12 07:07:43","	-","0","0.00","	-"
"	230289856","zlc","MOON22","	2026/5/12 06:47:37","	-","0","0.00","	-"
"	230261076","zlc","MOON22","	2026/5/12 05:30:51","	2026/5/25 21:39:46","3","8.39","	2026/5/30 05:57:18"
"	230250337","zlc","MOON22","	2026/5/12 05:00:03","	-","0","0.00","	-"
"	230249084","zlc","MOON22","	2026/5/12 04:56:29","	-","0","0.00","	-"
"	230245814","zlc","MOON22","	2026/5/12 04:46:32","	-","0","0.00","	-"
"	230238936","zlc","MOON22","	2026/5/12 04:26:31","	-","0","0.00","	-"
"	230234782","zlc","MOON22","	2026/5/12 04:13:47","	-","0","0.00","	-"
"	230233376","zlc","MOON22","	2026/5/12 04:09:20","	2026/5/26 04:00:33","1","4.92","	2026/5/26 04:00:33"
"	230232302","zlc","MOON22","	2026/5/12 04:05:59","	-","0","0.00","	-"
"	230220061","zlc","MOON22","	2026/5/12 03:29:01","	-","0","0.00","	-"
"	230203975","zlc","MOON22","	2026/5/12 02:42:45","	-","0","0.00","	-"
"	230194791","zlc","MOON22","	2026/5/12 02:16:12","	-","0","0.00","	-"
"	230176023","zlc","MOON22","	2026/5/12 01:24:30","	-","0","0.00","	-"
"	230168393","zlc","MOON22","	2026/5/12 01:02:56","	-","0","0.00","	-"
"	230163950","zlc","MOON22","	2026/5/12 00:50:56","	2026/5/28 17:20:40","3","31.23","	2026/5/30 09:34:49"
"	229493954","zlc","MOON22","	2026/5/10 17:52:25","	-","0","0.00","	-"
"	229183980","zlc","MOON22","	2026/5/10 06:47:09","	-","0","0.00","	-"
"	229178042","zlc","MOON22","	2026/5/10 06:27:47","	-","0","0.00","	-"
"	229166105","zlc","MOON22","	2026/5/10 05:47:24","	-","0","0.00","	-"
"	229155571","zlc","MOON22","	2026/5/10 05:11:08","	-","0","0.00","	-"
"	229127231","zlc","MOON22","	2026/5/10 03:35:06","	-","0","0.00","	-"
"	229121445","zlc","MOON22","	2026/5/10 03:15:20","	-","0","0.00","	-"
"	229117980","zlc","MOON22","	2026/5/10 03:04:02","	-","0","0.00","	-"
"	229105693","zlc","MOON22","	2026/5/10 02:25:35","	-","0","0.00","	-"
"	229105266","zlc","MOON22","	2026/5/10 02:23:55","	-","0","0.00","	-"
"	229088086","zlc","MOON22","	2026/5/10 01:29:21","	-","0","0.00","	-"
"	229087959","zlc","MOON22","	2026/5/10 01:28:54","	-","0","0.00","	-"
"	228861489","zlc","MOON22","	2026/5/9 13:57:54","	-","0","0.00","	-"
"	228846741","zlc","MOON22","	2026/5/9 13:21:43","	-","0","0.00","	-"
"	228829793","zlc","MOON22","	2026/5/9 12:44:32","	-","0","0.00","	-"
"	228812816","zlc","MOON22","	2026/5/9 12:11:15","	-","0","0.00","	-"
"	228792844","zlc","MOON22","	2026/5/9 11:34:15","	-","0","0.00","	-"
"	228708929","zlc","MOON22","	2026/5/9 09:07:57","	-","0","0.00","	-"
"	228700588","zlc","MOON22","	2026/5/9 08:52:24","	-","0","0.00","	-"
"	228660995","zlc","MOON22","	2026/5/9 07:23:09","	-","0","0.00","	-"
"	228655546","zlc","MOON22","	2026/5/9 07:07:40","	-","0","0.00","	-"
"	228645656","zlc","MOON22","	2026/5/9 06:39:00","	-","0","0.00","	-"
"	228635360","zlc","MOON22","	2026/5/9 06:08:21","	-","0","0.00","	-"
"	228634841","zlc","MOON22","	2026/5/9 06:06:44","	-","0","0.00","	-"
"	228616082","zlc","MOON22","	2026/5/9 05:03:43","	-","0","0.00","	-"
"	228616066","zlc","MOON22","	2026/5/9 05:03:38","	-","0","0.00","	-"
"	228603544","zlc","MOON22","	2026/5/9 04:21:00","	-","0","0.00","	-"
"	228600619","zlc","MOON22","	2026/5/9 04:10:41","	-","0","0.00","	-"
"	228593047","zlc","MOON22","	2026/5/9 03:44:35","	-","0","0.00","	-"
"	228574568","zlc","MOON22","	2026/5/9 02:35:49","	-","0","0.00","	-"
"	228569388","zlc","MOON22","	2026/5/9 02:16:17","	-","0","0.00","	-"
"	228559468","zlc","MOON22","	2026/5/9 01:39:44","	-","0","0.00","	-"
"	228552862","zlc","MOON22","	2026/5/9 01:15:19","	-","0","0.00","	-"
"	228543061","zlc","MOON22","	2026/5/9 00:38:32","	-","0","0.00","	-"
"	228434521","zlc","MOON22","	2026/5/8 18:14:53","	-","0","0.00","	-"
"	228213562","zlc","MOON22","	2026/5/8 08:57:56","	-","0","0.00","	-"
"	228185224","zlc","MOON22","	2026/5/8 07:57:12","	-","0","0.00","	-"
"	228180293","zlc","MOON22","	2026/5/8 07:43:48","	-","0","0.00","	-"
"	228173542","zlc","MOON22","	2026/5/8 07:25:26","	-","0","0.00","	-"
"	228153806","zlc","MOON22","	2026/5/8 06:24:18","	-","0","0.00","	-"
"	228142836","zlc","MOON22","	2026/5/8 05:48:00","	-","0","0.00","	-"
"	228136150","zlc","MOON22","	2026/5/8 05:25:45","	-","0","0.00","	-"
"	228135271","zlc","MOON22","	2026/5/8 05:22:36","	-","0","0.00","	-"
"	228127428","zlc","MOON22","	2026/5/8 04:55:19","	-","0","0.00","	-"
"	228110891","zlc","MOON22","	2026/5/8 03:59:06","	-","0","0.00","	-"
"	228106815","zlc","MOON22","	2026/5/8 03:44:33","	2026/5/25 13:15:50","7","275.92","	2026/5/30 03:09:15"
"	228104040","zlc","MOON22","	2026/5/8 03:35:01","	-","0","0.00","	-"
"	228101682","zlc","MOON22","	2026/5/8 03:26:41","	-","0","0.00","	-"
"	228100092","zlc","MOON22","	2026/5/8 03:21:11","	-","0","0.00","	-"
"	228087491","zlc","MOON22","	2026/5/8 02:37:34","	-","0","0.00","	-"
"	228084193","zlc","MOON22","	2026/5/8 02:26:06","	-","0","0.00","	-"
"	228071776","zlc","MOON22","	2026/5/8 01:41:49","	-","0","0.00","	-"
"	228063836","zlc","MOON22","	2026/5/8 01:15:03","	-","0","0.00","	-"
"	228060590","zlc","MOON22","	2026/5/8 01:03:59","	-","0","0.00","	-"
"	228059450","zlc","MOON22","	2026/5/8 01:00:16","	-","0","0.00","	-"
"	228053334","zlc","MOON22","	2026/5/8 00:38:54","	-","0","0.00","	-"
"	228053022","zlc","MOON22","	2026/5/8 00:37:56","	-","0","0.00","	-"
"	228052214","zlc","MOON22","	2026/5/8 00:35:07","	-","0","0.00","	-"
"	227868369","zlc","MOON22","	2026/5/7 13:50:17","	-","0","0.00","	-"
"	227867916","zlc","MOON22","	2026/5/7 13:49:02","	-","0","0.00","	-"
"	227848760","zlc","MOON22","	2026/5/7 12:59:11","	-","0","0.00","	-"
"	227845054","zlc","MOON22","	2026/5/7 12:49:55","	-","0","0.00","	-"
"	227830214","zlc","MOON22","	2026/5/7 12:15:09","	-","0","0.00","	-"
"	227727660","zlc","MOON22","	2026/5/7 08:58:06","	-","0","0.00","	-"
"	227697754","zlc","MOON22","	2026/5/7 07:51:04","	-","0","0.00","	-"
"	227686645","zlc","MOON22","	2026/5/7 07:17:47","	-","0","0.00","	-"
"	227686627","zlc","MOON22","	2026/5/7 07:17:44","	-","0","0.00","	-"
"	227679325","zlc","MOON22","	2026/5/7 06:55:27","	-","0","0.00","	-"
"	227671783","zlc","MOON22","	2026/5/7 06:31:59","	-","0","0.00","	-"
"	227671592","zlc","MOON22","	2026/5/7 06:31:20","	2026/5/25 08:50:20","2","1.80","	2026/5/25 08:51:37"
"	227664013","zlc","MOON22","	2026/5/7 06:05:43","	-","0","0.00","	-"
"	227658056","zlc","MOON22","	2026/5/7 05:44:29","	-","0","0.00","	-"
"	227648754","zlc","MOON22","	2026/5/7 05:11:19","	-","0","0.00","	-"
"	227644204","zlc","MOON22","	2026/5/7 04:54:09","	-","0","0.00","	-"
"	227607480","zlc","MOON22","	2026/5/7 02:41:48","	-","0","0.00","	-"
"	227606553","zlc","MOON22","	2026/5/7 02:38:00","	-","0","0.00","	-"
"	227605436","zlc","MOON22","	2026/5/7 02:33:52","	-","0","0.00","	-"
"	227593574","zlc","MOON22","	2026/5/7 01:48:14","	-","0","0.00","	-"
"	227583355","zlc","MOON22","	2026/5/7 01:08:27","	-","0","0.00","	-"
"	227578219","zlc","MOON22","	2026/5/7 00:48:17","	-","0","0.00","	-"
"	226468075","zlc","MOON22","	2026/5/4 08:26:46","	-","0","0.00","	-"
"	225528246","zlc","MOON22","	2026/5/2 02:48:17","	-","0","0.00","	-"
"	225525042","zlc","MOON22","	2026/5/2 02:33:36","	-","0","0.00","	-"
"	225373435","zlc","MOON22","	2026/5/1 16:38:27","	-","0","0.00","	-"
"	225195661","zlc","MOON22","	2026/5/1 09:05:47","	-","0","0.00","	-"
"	222599433","zlc","MOON22","	-","	2026/5/29 22:49:05","3","11.97","	2026/5/30 22:33:46"
"	221301078","zlc","MOON22","	-","	2026/5/30 19:32:35","1","16.05","	2026/5/30 19:32:35"
"66517672","zlc","MOON22","	-","	2026/5/29 11:22:21","3","10.19","	2026/5/30 17:42:32"
"	217023549","zlc","MOON22","	-","	2026/5/26 15:21:52","9","26.65","	2026/5/30 15:10:09"
"	219024253","zlc","MOON22","	-","	2026/5/26 23:49:09","3","29.97","	2026/5/30 13:00:10"
"	224685817","zlc","MOON22","	-","	2026/5/30 12:32:20","1","5.01","	2026/5/30 12:32:20"
"	211941804","zlc","MOON22","	-","	2026/5/28 18:59:10","6","81.32","	2026/5/30 10:07:57"
"	221708893","zlc","MOON22","	-","	2026/5/30 06:06:49","6","54.22","	2026/5/30 06:34:53"
"	167480127","zlc","MOON22","	-","	2026/5/28 22:52:27","3","10.60","	2026/5/30 02:05:17"
"	219488608","zlc","MOON22","	-","	2026/5/30 00:55:24","2","24.79","	2026/5/30 01:23:06"
"	219006647","zlc","MOON22","	-","	2026/5/26 00:08:42","13","261.80","	2026/5/30 00:59:52"
"	215372805","zlc","MOON22","	-","	2026/5/27 04:26:52","3","23.94","	2026/5/29 23:42:28"
"	220990851","zlc","MOON22","	-","	2026/5/27 18:19:44","3","9.98","	2026/5/29 23:04:47"
"	222192870","zlc","MOON22","	-","	2026/5/27 20:57:48","6","58.14","	2026/5/29 22:57:28"
"	211829395","zlc","MOON22","	-","	2026/5/29 19:28:40","3","52.09","	2026/5/29 21:04:55"
"	204457121","zlc","MOON22","	-","	2026/5/29 14:44:31","7","68.30","	2026/5/29 17:55:10"
"	202073712","zlc","MOON22","	-","	2026/5/29 17:01:18","1","8.18","	2026/5/29 17:01:18"
"	211540639","zlc","MOON22","	-","	2026/5/28 13:25:37","6","29.94","	2026/5/29 12:17:39"
"	215397697","zlc","MOON22","	-","	2026/5/28 08:55:46","20","1658.84","	2026/5/29 11:20:24"
"	221705819","zlc","MOON22","	-","	2026/5/25 15:04:02","10","41.97","	2026/5/29 06:50:21"
"	215308066","zlc","MOON22","	-","	2026/5/27 13:21:28","4","39.55","	2026/5/29 04:32:12"
"	211933504","zlc","MOON22","	-","	2026/5/25 22:54:32","8","174.54","	2026/5/29 02:02:45"
"	202685573","zlc","MOON22","	-","	2026/5/28 18:44:23","1","4.89","	2026/5/28 18:44:23"
"	223834743","zlc","MOON22","	-","	2026/5/28 16:19:04","1","1.11","	2026/5/28 16:19:04"
"	211833783","zlc","MOON22","	-","	2026/5/28 15:12:21","1","16.05","	2026/5/28 15:12:21"
"	224674440","zlc","MOON22","	-","	2026/5/28 10:23:53","1","2.60","	2026/5/28 10:23:53"
"	213311469","zlc","MOON22","	-","	2026/5/28 08:25:16","1","16.05","	2026/5/28 08:25:16"
"	225109562","zlc","MOON22","	-","	2026/5/28 05:36:45","1","4.99","	2026/5/28 05:36:45"
"	224635276","zlc","MOON22","	-","	2026/5/27 02:30:20","2","32.10","	2026/5/28 01:47:51"
"	221259374","zlc","MOON22","	-","	2026/5/28 01:33:04","1","2.99","	2026/5/28 01:33:04"
"	207505484","zlc","MOON22","	-","	2026/5/27 12:54:02","2","5.98","	2026/5/27 12:57:39"
"	207942833","zlc","MOON22","	-","	2026/5/26 13:26:35","2","32.10","	2026/5/26 17:00:48"
"	221854561","zlc","MOON22","	-","	2026/5/26 15:50:19","1","39.67","	2026/5/26 15:50:19"
"	211842638","zlc","MOON22","	-","	2026/5/25 18:10:27","4","12.80","	2026/5/25 19:32:33"
"	216661681","zlc","MOON22","	-","	2026/5/25 11:15:45","1","4.80","	2026/5/25 11:15:45"
"	204533544","zlc","MOON22","	-","	2026/5/25 08:06:45","1","77.83","	2026/5/25 08:06:45"